Date,Time,Platform,Category,Impressions,Clicks,Cost,Conversions,Revenue
2025-01-08,21:07:14,Google Ads,Accessories,5380,45,123424,0,0
2025-02-20,03:35:17,Instagram Ads,T-Shirt,5051,184,324677,10,950000
2025-03-23,12:36:46,TikTok Ads,T-Shirt,10634,72,80489,1,95000
2025-03-11,17:16:34,TikTok Ads,Accessories,5661,135,98903,6,270000
2025-02-14,11:25:12,Google Ads,Hoodie/Jacket,7949,107,466965,3,750000
2025-03-09,08:50:01,Google Ads,T-Shirt,1562,42,236130,2,190000
2025-02-23,19:06:41,Google Ads,Pants,6460,48,146957,1,180000
2025-03-24,08:44:50,Google Ads,T-Shirt,2787,39,188270,2,190000
2025-02-11,18:31:32,TikTok Ads,Pants,20338,473,278569,30,5400000
2025-01-27,10:57:28,TikTok Ads,Pants,23184,346,370800,23,4140000
2025-03-02,18:05:24,Instagram Ads,Pants,17153,222,485080,8,1440000
2025-02-02,10:53:44,Google Ads,Pants,7788,130,767923,3,540000
2025-02-07,22:41:55,Instagram Ads,Pants,4257,111,319949,5,900000
2025-03-16,17:01:48,TikTok Ads,Accessories,16363,454,272403,6,270000
2025-02-27,02:37:06,TikTok Ads,Hoodie/Jacket,19451,316,237145,24,6000000
2025-03-19,06:29:50,TikTok Ads,Hoodie/Jacket,8970,96,114212,1,250000
2025-02-11,12:36:41,TikTok Ads,T-Shirt,6974,95,107765,2,190000
2025-03-13,00:57:09,TikTok Ads,Pants,16777,570,496466,45,8100000
2025-02-21,09:14:56,Instagram Ads,Hoodie/Jacket,15360,404,1176956,12,3000000
2025-01-18,20:39:18,TikTok Ads,Accessories,5619,206,217292,15,675000
2025-01-09,02:41:22,TikTok Ads,Accessories,22717,641,534103,48,2160000
2025-03-29,23:38:37,Google Ads,T-Shirt,3828,67,309019,3,285000
2025-03-29,14:06:17,TikTok Ads,Accessories,7551,62,39103,2,90000
2025-03-11,00:53:58,Google Ads,T-Shirt,3823,106,591509,5,475000
2025-03-10,07:29:43,Google Ads,Accessories,5369,99,591381,4,180000
2025-01-02,16:54:54,Google Ads,Accessories,1302,28,106306,1,45000
2025-03-17,11:04:08,Google Ads,Hoodie/Jacket,3329,33,179480,1,250000
2025-01-17,02:46:14,TikTok Ads,Pants,13308,266,148058,15,2700000
2025-02-24,16:12:05,TikTok Ads,Accessories,17875,96,61871,1,45000
2025-01-16,19:15:10,Instagram Ads,T-Shirt,7737,47,109137,1,95000
2025-03-18,00:48:41,TikTok Ads,Hoodie/Jacket,17874,580,669867,32,8000000
2025-03-21,07:37:00,TikTok Ads,Pants,11272,86,91694,2,360000
2025-03-20,14:15:26,TikTok Ads,T-Shirt,14959,505,583761,33,3135000
2025-01-25,14:17:53,TikTok Ads,Hoodie/Jacket,21462,445,499545,31,7750000
2025-01-13,13:57:21,Instagram Ads,Hoodie/Jacket,12729,363,1177146,23,5750000
2025-01-18,18:26:20,Instagram Ads,Hoodie/Jacket,8083,181,445653,11,2750000
2025-03-28,19:28:34,TikTok Ads,Accessories,7426,39,39250,1,45000
2025-03-15,19:12:53,Google Ads,T-Shirt,3100,41,201234,3,285000
2025-02-09,09:34:32,Google Ads,Hoodie/Jacket,1875,11,29216,0,0
2025-01-16,23:20:30,Instagram Ads,Hoodie/Jacket,10967,310,598094,13,3250000
2025-01-16,15:26:51,TikTok Ads,T-Shirt,22375,215,153997,9,855000
2025-01-05,11:39:20,TikTok Ads,Pants,14439,270,293782,6,1080000
2025-01-08,01:06:28,TikTok Ads,Hoodie/Jacket,21998,599,313257,21,5250000
2025-01-20,20:37:18,Google Ads,T-Shirt,5173,201,997552,8,760000
2025-02-07,22:35:22,TikTok Ads,Hoodie/Jacket,24744,592,473754,34,8500000
2025-01-18,15:50:09,TikTok Ads,T-Shirt,15593,200,195136,8,760000
2025-01-10,18:56:28,TikTok Ads,T-Shirt,10085,220,243050,16,1520000
2025-02-15,02:55:17,Google Ads,Accessories,4748,29,98847,2,90000
2025-01-17,23:01:19,Instagram Ads,Hoodie/Jacket,5403,170,444101,4,1000000
2025-03-18,07:25:36,Instagram Ads,Hoodie/Jacket,11811,464,1478906,30,7500000
2025-03-26,09:49:50,Google Ads,Pants,4449,139,503705,5,900000
2025-03-05,01:06:44,Instagram Ads,T-Shirt,4969,141,268422,10,950000
2025-03-20,21:16:03,Google Ads,Hoodie/Jacket,5261,54,298420,0,0
2025-03-22,03:19:00,TikTok Ads,Hoodie/Jacket,14208,395,241968,12,3000000
2025-02-13,21:24:51,Google Ads,T-Shirt,5555,216,638940,9,855000
2025-02-02,18:08:51,Google Ads,Accessories,2796,35,164647,1,45000
2025-01-22,10:37:50,Google Ads,Pants,6734,57,231443,2,360000
2025-02-24,02:57:40,Google Ads,Accessories,7105,77,350713,4,180000
2025-01-07,03:15:33,TikTok Ads,Accessories,15526,170,174825,6,270000
2025-01-31,04:50:08,Google Ads,Accessories,2985,79,276866,6,270000
2025-03-05,05:51:01,TikTok Ads,Pants,8500,133,92137,8,1440000
2025-03-04,20:08:31,Google Ads,Hoodie/Jacket,7574,46,139405,3,750000
2025-01-14,03:26:09,Google Ads,Accessories,4222,37,193677,2,90000
2025-03-10,10:29:59,Instagram Ads,Pants,16829,442,1458288,11,1980000
2025-03-04,14:42:47,Instagram Ads,Hoodie/Jacket,5327,129,278833,6,1500000
2025-01-25,12:35:33,Google Ads,T-Shirt,1375,21,73612,0,0
2025-03-12,03:50:39,TikTok Ads,Accessories,12183,267,318234,4,180000
2025-03-29,08:11:17,Google Ads,T-Shirt,3607,32,147831,1,95000
2025-02-18,23:17:59,Instagram Ads,Hoodie/Jacket,12547,207,325164,15,3750000
2025-03-17,16:31:26,Google Ads,Hoodie/Jacket,6727,128,570029,1,250000
2025-03-02,22:04:35,TikTok Ads,T-Shirt,7849,43,29352,3,285000
2025-01-23,13:25:14,TikTok Ads,T-Shirt,14789,525,495275,34,3230000
2025-02-19,23:15:52,TikTok Ads,T-Shirt,8987,279,211071,16,1520000
2025-02-13,00:41:00,Instagram Ads,Hoodie/Jacket,8413,177,550966,2,500000
2025-03-19,02:07:07,TikTok Ads,T-Shirt,17820,484,403067,38,3610000
2025-02-19,21:22:15,Google Ads,Hoodie/Jacket,3890,115,551833,1,250000
2025-03-15,07:00:03,TikTok Ads,Pants,17330,481,449115,9,1620000
2025-03-22,19:52:24,TikTok Ads,Accessories,5089,168,165081,4,180000
2025-03-24,21:55:10,Instagram Ads,T-Shirt,17282,134,204671,4,380000
2025-01-07,10:52:24,Instagram Ads,Hoodie/Jacket,6627,238,555258,7,1750000
2025-01-24,00:28:26,TikTok Ads,Accessories,24584,435,227665,26,1170000
2025-02-09,05:13:23,Google Ads,T-Shirt,4152,121,581494,8,760000
2025-01-03,14:30:13,Instagram Ads,Pants,6278,159,415920,3,540000
2025-02-17,03:54:39,Google Ads,Accessories,5665,59,147712,2,90000
2025-02-06,21:17:52,Instagram Ads,Pants,11436,289,710813,8,1440000
2025-01-11,09:21:13,Instagram Ads,Accessories,13965,300,982327,5,225000
2025-01-04,16:51:43,TikTok Ads,Pants,14765,436,398585,11,1980000
2025-03-06,13:50:41,Instagram Ads,Hoodie/Jacket,4478,59,104039,3,750000
2025-02-21,20:31:29,Instagram Ads,Accessories,3802,20,62233,1,45000
2025-03-02,06:38:03,Instagram Ads,T-Shirt,15257,595,1277025,30,2850000
2025-02-15,00:31:47,Google Ads,Accessories,1738,9,49908,0,0
2025-01-10,23:03:00,Instagram Ads,Accessories,11329,67,145324,0,0
2025-02-11,23:17:45,TikTok Ads,Hoodie/Jacket,20990,294,327953,14,3500000
2025-02-12,20:09:41,TikTok Ads,Hoodie/Jacket,24719,942,1039261,34,8500000
2025-03-24,20:01:47,Google Ads,Hoodie/Jacket,1661,62,368673,0,0
2025-03-12,09:35:13,Google Ads,Pants,5826,186,573311,11,1980000
2025-01-07,01:09:23,Google Ads,Hoodie/Jacket,1593,9,41467,0,0
2025-02-02,03:44:08,Google Ads,Pants,3616,94,523856,2,360000
2025-02-12,19:46:06,Google Ads,Accessories,4005,55,156902,3,135000
2025-02-11,10:44:52,Instagram Ads,Accessories,9251,292,809594,6,270000
2025-01-07,21:10:54,TikTok Ads,Accessories,22030,151,94588,4,180000
2025-01-16,04:50:45,Google Ads,Pants,1241,45,118552,1,180000
2025-01-09,17:59:12,TikTok Ads,Hoodie/Jacket,21152,312,317966,5,1250000
2025-02-07,15:28:14,Google Ads,T-Shirt,3038,49,276179,0,0
2025-03-24,01:13:02,Google Ads,Pants,7773,161,848543,3,540000
2025-03-14,13:34:40,Instagram Ads,Pants,3680,62,117209,2,360000
2025-01-13,12:16:39,Google Ads,Pants,3041,42,222304,2,360000
2025-03-06,17:09:44,Instagram Ads,Accessories,9591,180,419094,5,225000
2025-01-13,02:43:39,Instagram Ads,Hoodie/Jacket,8827,119,384289,6,1500000
2025-01-14,07:23:55,Instagram Ads,T-Shirt,12094,145,494753,2,190000
2025-01-10,12:36:23,TikTok Ads,Hoodie/Jacket,6560,83,92150,6,1500000
2025-03-12,10:20:15,Instagram Ads,T-Shirt,5806,81,189504,4,380000
2025-01-18,19:37:41,TikTok Ads,Pants,20596,705,582378,18,3240000
2025-01-11,21:38:48,Google Ads,Hoodie/Jacket,2570,77,442178,1,250000
2025-02-12,16:00:09,TikTok Ads,Accessories,9142,89,88079,1,45000
2025-01-10,14:38:52,TikTok Ads,Pants,8051,169,198689,11,1980000
2025-03-11,00:57:50,Google Ads,Accessories,1762,55,162541,0,0
2025-03-16,16:40:21,Instagram Ads,Pants,17820,533,1020420,19,3420000
2025-01-19,07:15:42,TikTok Ads,Accessories,21163,300,213656,10,450000
2025-02-18,23:49:05,TikTok Ads,Hoodie/Jacket,7827,275,232623,11,2750000
2025-02-03,15:11:18,TikTok Ads,T-Shirt,19663,131,129297,6,570000
2025-03-05,12:50:19,Instagram Ads,T-Shirt,12077,322,705748,4,380000
2025-02-24,21:17:24,Google Ads,Accessories,5212,46,212199,1,45000
2025-01-06,09:50:14,TikTok Ads,Accessories,19140,272,149012,3,135000
2025-02-05,14:39:31,TikTok Ads,Pants,23290,491,430157,25,4500000
2025-01-03,07:02:15,Google Ads,Accessories,6569,178,649812,4,180000
2025-01-29,12:27:54,Google Ads,Pants,3630,99,414157,1,180000
2025-02-02,20:37:22,TikTok Ads,Pants,19052,223,251083,7,1260000
2025-01-12,04:01:54,TikTok Ads,T-Shirt,8180,94,85896,3,285000
2025-01-27,22:16:25,Instagram Ads,Accessories,3963,59,118799,1,45000
2025-03-01,05:48:34,Google Ads,T-Shirt,2853,65,345182,1,95000
2025-03-04,08:21:27,TikTok Ads,Pants,15103,229,272821,14,2520000
2025-02-01,09:18:54,Google Ads,Pants,7457,102,562164,1,180000
2025-01-21,20:42:25,Instagram Ads,Hoodie/Jacket,8443,177,401378,6,1500000
2025-02-23,12:12:42,TikTok Ads,T-Shirt,7014,225,183334,3,285000
2025-01-10,11:17:17,Instagram Ads,Accessories,4704,62,134417,4,180000
2025-02-11,09:07:35,Instagram Ads,Pants,13666,306,877147,16,2880000
2025-01-09,03:05:05,TikTok Ads,Accessories,12526,296,182116,13,585000
2025-01-25,17:24:43,TikTok Ads,Accessories,18399,158,95138,7,315000
2025-03-11,16:20:07,Instagram Ads,T-Shirt,9873,185,443909,13,1235000
2025-01-14,11:19:14,Instagram Ads,Pants,9303,233,787647,8,1440000
2025-02-03,14:49:56,TikTok Ads,Accessories,19060,212,204691,15,675000
2025-03-23,09:32:32,TikTok Ads,Hoodie/Jacket,23845,459,448019,5,1250000
2025-01-18,05:52:47,TikTok Ads,Hoodie/Jacket,21380,360,329952,17,4250000
2025-01-20,03:03:55,Instagram Ads,T-Shirt,10718,325,1055404,5,475000
2025-02-09,16:43:49,Google Ads,Pants,7565,189,1114106,3,540000
2025-02-23,05:39:50,Google Ads,T-Shirt,1383,32,141526,1,95000
2025-01-01,00:25:44,TikTok Ads,Hoodie/Jacket,7454,211,204287,10,2500000
2025-01-14,14:58:21,Google Ads,Pants,6323,200,512012,13,2340000
2025-03-21,16:28:56,Instagram Ads,Accessories,3966,83,286439,4,180000
2025-02-16,08:33:00,Instagram Ads,T-Shirt,6637,180,459801,9,855000
2025-01-02,16:41:48,Instagram Ads,Hoodie/Jacket,16269,272,858567,6,1500000
2025-01-08,11:30:49,Google Ads,Hoodie/Jacket,4730,121,358559,6,1500000
2025-03-25,19:14:27,Instagram Ads,Accessories,7736,237,675777,5,225000
2025-03-26,15:07:32,Instagram Ads,T-Shirt,8693,151,424030,7,665000
2025-01-02,16:00:29,Google Ads,Accessories,3891,117,486570,3,135000
2025-03-06,13:24:16,Instagram Ads,Accessories,11912,364,847538,26,1170000
2025-02-07,03:18:26,TikTok Ads,Accessories,12124,375,315965,16,720000
2025-02-18,11:45:24,Instagram Ads,Hoodie/Jacket,16907,240,479841,2,500000
2025-02-03,22:31:20,TikTok Ads,Accessories,5768,120,125144,5,225000
2025-02-09,02:12:23,TikTok Ads,Hoodie/Jacket,16543,142,83762,8,2000000
2025-01-13,00:30:23,Instagram Ads,Pants,11007,418,1438804,18,3240000
2025-01-20,18:06:40,Google Ads,Hoodie/Jacket,5714,219,850425,17,4250000
2025-01-30,08:27:42,TikTok Ads,T-Shirt,11982,135,124134,8,760000
2025-02-13,03:33:35,TikTok Ads,Hoodie/Jacket,11353,128,112998,5,1250000
2025-02-24,00:33:04,TikTok Ads,Accessories,15248,450,312844,31,1395000
2025-03-25,21:13:30,TikTok Ads,Pants,6228,188,214649,7,1260000
2025-03-28,23:32:34,TikTok Ads,Hoodie/Jacket,5163,73,55478,4,1000000
2025-01-18,11:52:38,TikTok Ads,T-Shirt,22337,190,177223,3,285000
2025-03-14,01:22:03,TikTok Ads,T-Shirt,14208,200,172329,15,1425000
2025-03-09,03:44:39,TikTok Ads,Hoodie/Jacket,13228,382,249876,5,1250000
2025-03-07,17:37:45,TikTok Ads,Pants,5458,131,147554,8,1440000
2025-03-20,14:57:40,Instagram Ads,Hoodie/Jacket,8704,346,1118575,21,5250000
2025-03-25,04:11:19,Google Ads,T-Shirt,4757,177,820358,11,1045000
2025-03-11,01:03:18,Google Ads,T-Shirt,6794,106,476901,3,285000
2025-01-31,21:49:58,TikTok Ads,Pants,7642,79,45356,6,1080000
2025-01-29,14:43:42,TikTok Ads,Pants,15209,349,259578,22,3960000
2025-03-06,13:19:05,Google Ads,T-Shirt,6636,139,727340,1,95000
2025-02-20,19:07:22,TikTok Ads,Pants,24830,636,429505,49,8820000
2025-02-12,19:54:19,TikTok Ads,T-Shirt,24404,834,758230,45,4275000
2025-01-24,00:59:03,Google Ads,Accessories,2868,88,524668,1,45000
2025-01-12,19:25:58,Google Ads,T-Shirt,3734,68,317175,5,475000
2025-01-29,21:50:56,Instagram Ads,Hoodie/Jacket,16807,601,1938992,15,3750000
2025-02-06,00:03:38,TikTok Ads,Hoodie/Jacket,21370,452,345255,19,4750000
2025-01-28,18:01:17,Instagram Ads,Accessories,16964,320,622448,23,1035000
2025-01-31,09:56:01,Instagram Ads,Hoodie/Jacket,5162,88,277143,5,1250000
2025-03-16,07:00:01,Google Ads,T-Shirt,3130,48,207792,0,0
2025-03-29,07:14:37,Instagram Ads,Hoodie/Jacket,8823,350,1016581,6,1500000
2025-02-05,14:08:19,Google Ads,T-Shirt,4611,131,490414,1,95000
2025-02-02,12:31:55,Google Ads,Pants,5790,86,327974,2,360000
2025-01-08,00:05:17,TikTok Ads,T-Shirt,20034,600,406023,43,4085000
2025-03-27,02:05:39,TikTok Ads,Hoodie/Jacket,6988,177,112018,4,1000000
2025-03-06,20:20:50,Google Ads,Pants,2098,56,267624,1,180000
2025-01-31,10:43:20,Google Ads,Pants,7229,66,240651,4,720000
2025-02-28,05:50:02,Instagram Ads,Accessories,13971,196,435255,8,360000
2025-02-16,16:08:36,Instagram Ads,Accessories,6832,120,194719,7,315000
2025-01-16,01:55:46,TikTok Ads,Accessories,15053,193,104238,3,135000
2025-03-11,22:06:49,Google Ads,Hoodie/Jacket,1054,31,94442,1,250000
2025-02-02,20:24:38,Instagram Ads,T-Shirt,14221,436,1375613,27,2565000
2025-01-26,10:24:14,Google Ads,Accessories,7979,219,1141256,10,450000
2025-01-30,09:07:31,Instagram Ads,Accessories,8788,271,675019,13,585000
2025-01-12,03:48:55,TikTok Ads,Accessories,9892,370,223092,16,720000
2025-01-21,01:13:23,TikTok Ads,Accessories,16694,279,150194,18,810000
2025-02-15,09:24:41,Google Ads,T-Shirt,6115,142,503085,8,760000
2025-01-12,03:10:07,TikTok Ads,Hoodie/Jacket,20787,128,108367,9,2250000
2025-01-29,09:01:32,Google Ads,T-Shirt,7864,200,1144536,9,855000
2025-03-29,14:36:44,Instagram Ads,T-Shirt,3950,48,85740,2,190000
2025-03-02,18:42:12,Instagram Ads,Hoodie/Jacket,7591,252,832577,19,4750000
2025-01-05,16:33:58,TikTok Ads,Hoodie/Jacket,15554,407,484558,10,2500000
2025-01-31,15:50:09,TikTok Ads,Pants,5552,197,196279,11,1980000
2025-02-26,14:38:54,Instagram Ads,T-Shirt,6953,64,222296,1,95000
2025-03-26,19:55:06,Instagram Ads,Hoodie/Jacket,5773,121,253118,4,1000000
2025-03-13,06:04:18,Instagram Ads,Accessories,7806,190,664754,8,360000
2025-01-07,09:13:28,Instagram Ads,Pants,9972,242,553081,10,1800000
2025-03-12,20:20:56,Google Ads,Pants,2177,68,248591,3,540000
2025-03-05,14:17:11,Google Ads,T-Shirt,3469,46,200275,2,190000
2025-02-08,12:48:28,Instagram Ads,T-Shirt,4105,55,154729,1,95000
2025-02-26,08:04:53,Instagram Ads,T-Shirt,13327,115,385735,7,665000
2025-01-28,07:10:56,TikTok Ads,Hoodie/Jacket,10571,382,401960,15,3750000
2025-01-29,05:02:39,Instagram Ads,Accessories,5735,209,659040,15,675000
2025-01-22,00:23:02,Google Ads,T-Shirt,1703,16,67046,0,0
2025-02-28,17:07:08,Instagram Ads,Accessories,8895,264,721852,5,225000
2025-02-17,20:24:30,Google Ads,Hoodie/Jacket,6132,143,627117,9,2250000
2025-03-12,08:20:54,Google Ads,Hoodie/Jacket,2863,52,209922,2,500000
2025-03-05,11:11:38,Instagram Ads,Hoodie/Jacket,8488,314,1014341,22,5500000
2025-02-13,23:19:08,Google Ads,Hoodie/Jacket,7046,68,237657,3,750000
2025-02-03,15:29:18,Instagram Ads,Accessories,9816,152,370505,7,315000
2025-03-19,11:54:09,Instagram Ads,Hoodie/Jacket,15576,446,781628,14,3500000
2025-01-16,09:30:43,Instagram Ads,Pants,17494,152,443550,7,1260000
2025-02-23,20:34:16,TikTok Ads,T-Shirt,21654,456,508735,7,665000
2025-01-14,02:34:45,Instagram Ads,Hoodie/Jacket,17589,642,2115025,34,8500000
2025-02-21,14:21:13,TikTok Ads,Hoodie/Jacket,8417,78,84803,5,1250000
2025-02-06,13:08:20,Google Ads,Hoodie/Jacket,2664,27,83876,0,0
2025-01-05,18:40:51,TikTok Ads,Accessories,6646,168,153727,9,405000
2025-01-07,17:42:30,Instagram Ads,Accessories,11996,443,680794,8,360000
2025-01-01,18:45:14,Instagram Ads,Hoodie/Jacket,5113,27,86831,1,250000
2025-01-04,23:51:08,Google Ads,Pants,1702,17,48802,0,0
2025-03-03,04:47:06,Instagram Ads,Pants,14563,273,669775,13,2340000
2025-02-04,04:55:55,Instagram Ads,Pants,3521,131,285126,3,540000
2025-01-09,13:22:01,TikTok Ads,Pants,5504,66,73386,1,180000
2025-03-27,02:47:08,TikTok Ads,T-Shirt,21281,360,351766,10,950000
2025-02-18,12:28:21,TikTok Ads,T-Shirt,21173,813,815183,9,855000
2025-03-26,20:18:12,Google Ads,Pants,4267,135,358657,10,1800000
2025-01-04,13:01:43,Instagram Ads,Pants,7757,40,135124,2,360000
2025-02-06,17:56:47,Google Ads,Pants,6376,165,461308,13,2340000
2025-01-30,20:30:28,Instagram Ads,T-Shirt,5800,132,333657,4,380000
2025-01-01,04:32:33,Instagram Ads,Pants,9122,291,631029,5,900000
2025-01-06,12:32:08,Google Ads,Hoodie/Jacket,4828,41,115207,2,500000
2025-02-21,17:09:25,TikTok Ads,T-Shirt,20896,577,653368,33,3135000
2025-01-10,12:46:30,TikTok Ads,Hoodie/Jacket,22586,223,163778,14,3500000
2025-01-04,20:55:45,TikTok Ads,Hoodie/Jacket,23951,518,273308,24,6000000
2025-01-24,12:17:23,Google Ads,T-Shirt,2098,47,145030,2,190000
2025-01-30,14:44:24,Google Ads,T-Shirt,4243,85,485198,2,190000
2025-01-03,07:29:18,Instagram Ads,T-Shirt,8162,170,409216,9,855000
2025-02-14,20:49:55,Google Ads,Accessories,5208,154,670583,9,405000
2025-01-09,14:05:00,TikTok Ads,T-Shirt,12114,463,322560,33,3135000
2025-03-15,18:42:45,TikTok Ads,Hoodie/Jacket,22055,258,160120,3,750000
2025-01-31,07:33:56,Google Ads,Accessories,7033,227,580261,4,180000
2025-03-22,08:51:26,TikTok Ads,T-Shirt,6678,86,88484,1,95000
2025-01-18,09:34:01,TikTok Ads,Hoodie/Jacket,13224,169,171926,9,2250000
2025-02-09,17:49:55,Google Ads,Accessories,3938,107,268467,4,180000
2025-03-19,05:03:36,TikTok Ads,Hoodie/Jacket,8389,221,231695,9,2250000
2025-03-02,01:59:21,Instagram Ads,T-Shirt,7781,79,128328,0,0
2025-01-01,10:54:44,Google Ads,T-Shirt,1670,53,281733,2,190000
2025-03-04,13:28:52,Google Ads,Hoodie/Jacket,4718,135,752948,6,1500000
2025-03-03,21:09:15,TikTok Ads,Accessories,7863,290,316974,19,855000
2025-01-24,14:02:27,Google Ads,Pants,6618,201,999774,12,2160000
2025-03-02,02:42:29,TikTok Ads,Hoodie/Jacket,10906,361,403486,16,4000000
2025-02-26,08:32:21,TikTok Ads,Pants,10355,363,182232,8,1440000
2025-02-22,06:22:47,Google Ads,Hoodie/Jacket,4163,150,477361,9,2250000
2025-01-04,16:07:58,TikTok Ads,Accessories,8004,233,245351,10,450000
2025-03-25,00:11:35,TikTok Ads,Pants,15183,283,197449,18,3240000
2025-03-19,08:22:07,Instagram Ads,Hoodie/Jacket,10291,58,108682,2,500000
2025-01-23,06:05:41,TikTok Ads,Accessories,9481,186,110421,12,540000
2025-02-18,06:33:52,Instagram Ads,Hoodie/Jacket,14758,224,604809,13,3250000
2025-01-04,20:23:43,Google Ads,Hoodie/Jacket,5967,182,995202,3,750000
2025-01-30,14:19:30,Instagram Ads,T-Shirt,15867,631,2147204,37,3515000
2025-02-21,07:54:08,Instagram Ads,Pants,3370,94,295504,6,1080000
2025-02-10,03:50:29,TikTok Ads,Pants,15636,134,79489,7,1260000
2025-02-04,15:46:45,Google Ads,T-Shirt,4797,44,250245,1,95000
2025-01-27,02:34:30,Instagram Ads,Accessories,7876,167,406835,10,450000
2025-01-06,21:21:28,Instagram Ads,Accessories,4072,131,258560,3,135000
2025-02-14,18:29:36,Google Ads,Hoodie/Jacket,3566,134,481732,9,2250000
2025-03-02,19:30:59,Instagram Ads,Hoodie/Jacket,9819,170,412657,8,2000000
2025-01-15,04:11:51,TikTok Ads,Accessories,8828,202,181887,6,270000
2025-01-05,06:19:10,Google Ads,T-Shirt,5757,87,478865,6,570000
2025-02-16,20:52:21,TikTok Ads,T-Shirt,11652,417,498604,22,2090000
2025-01-10,04:36:37,TikTok Ads,Pants,24991,846,631811,38,6840000
2025-03-12,14:52:57,TikTok Ads,Pants,18970,168,198871,6,1080000
2025-01-12,15:15:46,Instagram Ads,Hoodie/Jacket,13180,347,1047293,25,6250000
2025-01-21,06:25:06,Google Ads,Pants,3068,92,470462,6,1080000
2025-03-22,15:12:08,Instagram Ads,Pants,13900,136,410798,6,1080000
2025-03-24,10:23:51,Instagram Ads,Hoodie/Jacket,14447,440,869121,15,3750000
2025-03-26,13:53:29,Google Ads,Hoodie/Jacket,2929,75,420126,2,500000
2025-03-25,15:11:31,Google Ads,T-Shirt,5628,88,230222,4,380000
2025-03-04,18:13:18,Google Ads,Accessories,3330,79,339899,2,90000
2025-03-21,09:09:28,Google Ads,Pants,2546,71,274876,1,180000
2025-01-29,16:49:40,Instagram Ads,Pants,15144,513,1287888,16,2880000
2025-03-14,00:04:30,Instagram Ads,Pants,7225,222,406829,3,540000
2025-01-20,07:17:58,Instagram Ads,Accessories,10185,299,522193,11,495000
2025-03-11,16:32:46,Instagram Ads,Pants,10980,404,928689,26,4680000
2025-02-27,03:35:10,TikTok Ads,Hoodie/Jacket,13150,397,346138,5,1250000
2025-02-27,07:13:45,Instagram Ads,T-Shirt,16324,207,712714,12,1140000
2025-03-02,05:56:29,Google Ads,Pants,5732,86,440534,5,900000
2025-03-08,17:42:50,Google Ads,Pants,5137,138,605690,7,1260000
2025-03-26,04:46:03,Google Ads,Accessories,2794,80,365450,0,0
2025-02-12,14:23:34,Google Ads,Pants,6784,164,625819,6,1080000
2025-02-18,03:02:22,Instagram Ads,Pants,15805,374,1078402,23,4140000
2025-03-24,10:41:33,Google Ads,Pants,3849,69,342465,3,540000
2025-01-04,16:08:04,TikTok Ads,Accessories,20524,580,620717,27,1215000
2025-03-24,15:20:51,Google Ads,Accessories,7432,211,1001420,11,495000
2025-02-22,23:48:57,Instagram Ads,Pants,17686,470,1194522,9,1620000
2025-03-04,23:50:54,TikTok Ads,Hoodie/Jacket,17175,487,378899,11,2750000
2025-02-12,20:09:03,Instagram Ads,T-Shirt,14141,170,400854,7,665000
2025-03-22,23:50:09,Google Ads,Pants,2549,82,429145,4,720000
2025-03-12,23:20:09,Instagram Ads,Hoodie/Jacket,5961,209,464996,3,750000
2025-02-10,11:40:22,TikTok Ads,Hoodie/Jacket,20485,110,92932,4,1000000
2025-01-18,13:10:16,Instagram Ads,Accessories,13342,73,129410,2,90000
2025-02-02,05:41:16,Google Ads,Pants,2367,65,230037,2,360000
2025-01-06,07:42:46,Instagram Ads,Hoodie/Jacket,14254,77,255037,4,1000000
2025-02-21,11:36:55,Instagram Ads,Hoodie/Jacket,8276,62,192472,4,1000000
2025-01-04,08:33:43,Google Ads,Hoodie/Jacket,6176,130,629405,5,1250000
2025-01-16,02:33:08,TikTok Ads,Accessories,23172,834,655259,21,945000
2025-03-17,02:22:06,Instagram Ads,Accessories,10351,228,577111,12,540000
2025-02-04,03:56:57,Google Ads,T-Shirt,4414,94,426894,3,285000
2025-03-23,04:09:47,Instagram Ads,Hoodie/Jacket,15972,103,354295,7,1750000
2025-02-08,14:24:32,TikTok Ads,Pants,23588,375,227314,10,1800000
2025-03-16,10:59:53,Google Ads,Hoodie/Jacket,7547,110,381973,4,1000000
2025-02-22,06:27:26,TikTok Ads,Hoodie/Jacket,18392,434,428105,17,4250000
2025-03-27,07:37:15,Instagram Ads,Pants,16545,628,1366044,20,3600000
2025-01-24,23:12:29,Google Ads,Hoodie/Jacket,2819,98,377875,3,750000
2025-01-29,23:22:14,Instagram Ads,Pants,12078,186,586242,12,2160000
2025-01-22,12:15:26,Instagram Ads,T-Shirt,9980,391,765176,18,1710000
2025-01-04,00:10:37,Instagram Ads,Pants,13037,462,1185849,8,1440000
2025-01-26,20:01:04,TikTok Ads,Pants,5192,170,87156,2,360000
2025-03-16,18:29:51,Google Ads,Hoodie/Jacket,3730,92,530142,5,1250000
2025-03-23,02:53:38,TikTok Ads,Hoodie/Jacket,11445,132,122917,4,1000000
2025-02-03,20:24:50,TikTok Ads,Accessories,18145,458,514054,24,1080000
2025-02-17,07:35:14,Instagram Ads,Accessories,3698,25,42499,1,45000
2025-02-26,20:42:51,TikTok Ads,Hoodie/Jacket,24800,343,177559,15,3750000
2025-02-21,10:07:09,Instagram Ads,Hoodie/Jacket,5597,102,199252,1,250000
2025-03-13,15:39:53,Google Ads,Pants,2050,64,349231,3,540000
2025-02-03,15:43:25,Google Ads,Hoodie/Jacket,4579,30,81954,1,250000
2025-01-20,05:34:48,Instagram Ads,Accessories,13738,230,629396,12,540000
2025-03-07,02:38:49,Google Ads,Accessories,1519,32,98107,1,45000
2025-03-16,17:27:48,TikTok Ads,Accessories,16534,196,110141,2,90000
2025-03-20,02:38:46,Google Ads,Accessories,2124,39,114523,2,90000
2025-01-27,19:30:44,TikTok Ads,Hoodie/Jacket,20623,519,349964,7,1750000
2025-03-25,14:59:49,Google Ads,T-Shirt,5146,123,507939,3,285000
2025-01-02,11:01:58,TikTok Ads,Pants,19172,300,209623,13,2340000
2025-02-16,13:13:13,Google Ads,Accessories,6777,235,815951,2,90000
2025-03-22,01:26:18,TikTok Ads,Hoodie/Jacket,15805,85,92044,5,1250000
2025-03-20,08:39:15,Google Ads,Pants,5498,152,711781,4,720000
2025-02-07,14:15:03,Google Ads,Pants,7915,152,694003,6,1080000
2025-01-13,05:56:24,Google Ads,Pants,2069,37,210974,0,0
2025-03-02,19:35:00,Instagram Ads,Accessories,13640,303,870833,11,495000
2025-01-27,11:14:18,Google Ads,Hoodie/Jacket,2636,16,55951,0,0
2025-01-19,11:03:32,Google Ads,Pants,1488,9,52237,0,0
2025-02-26,03:10:49,Instagram Ads,T-Shirt,12361,294,492109,15,1425000
2025-01-20,22:39:43,Google Ads,Hoodie/Jacket,5858,65,194544,2,500000
2025-02-02,20:37:40,TikTok Ads,Accessories,17728,387,283261,9,405000
2025-03-25,23:37:54,Instagram Ads,Pants,4873,101,310552,5,900000
2025-02-23,03:05:11,Instagram Ads,Accessories,9268,140,338386,10,450000
2025-01-30,22:43:57,Instagram Ads,Accessories,7167,206,500414,7,315000
2025-01-17,13:02:16,Instagram Ads,Hoodie/Jacket,5610,78,263745,3,750000
2025-01-29,23:49:43,Google Ads,Pants,4327,172,913189,2,360000
2025-02-09,18:50:24,TikTok Ads,T-Shirt,20275,325,331055,5,475000
2025-02-06,02:09:13,Instagram Ads,Pants,8435,103,329893,7,1260000
2025-02-26,17:17:23,Instagram Ads,Accessories,10004,136,318131,4,180000
2025-03-02,15:38:43,Google Ads,T-Shirt,2719,96,378318,4,380000
2025-01-08,06:46:58,Instagram Ads,Accessories,17559,208,364416,15,675000
2025-02-04,18:10:55,TikTok Ads,T-Shirt,10626,385,302815,10,950000
2025-02-16,03:35:12,Instagram Ads,Pants,9528,95,188016,4,720000
2025-01-29,00:45:26,Instagram Ads,Accessories,13919,217,423638,6,270000
2025-03-13,17:57:59,Instagram Ads,T-Shirt,9642,340,902549,26,2470000
2025-02-10,15:55:11,Instagram Ads,T-Shirt,11463,275,455650,16,1520000
2025-02-25,18:27:09,TikTok Ads,Hoodie/Jacket,19309,724,700868,35,8750000
2025-01-07,05:29:26,Google Ads,T-Shirt,2943,42,196727,1,95000
2025-01-02,01:42:00,Instagram Ads,Hoodie/Jacket,10480,339,1066703,16,4000000
2025-02-15,18:50:55,Google Ads,Hoodie/Jacket,3536,37,150621,0,0
2025-03-12,05:01:04,Instagram Ads,T-Shirt,8808,125,286903,3,285000
2025-03-18,17:52:55,Instagram Ads,Accessories,4903,187,490715,8,360000
2025-02-04,08:20:12,Instagram Ads,Hoodie/Jacket,5775,62,105521,1,250000
2025-02-08,12:02:58,Instagram Ads,Hoodie/Jacket,7729,67,147972,1,250000
2025-01-14,10:35:19,Google Ads,Pants,5109,36,100285,0,0
2025-02-20,14:53:29,TikTok Ads,Pants,23322,889,636603,69,12420000
2025-03-28,22:39:43,Instagram Ads,T-Shirt,3232,98,187176,5,475000
2025-03-03,19:06:52,Google Ads,Pants,5760,109,417544,5,900000
2025-01-17,23:09:32,Google Ads,Pants,2382,26,85093,1,180000
2025-02-24,00:15:40,Instagram Ads,Accessories,4762,164,522021,12,540000
2025-02-10,16:00:49,TikTok Ads,Pants,17448,475,377564,30,5400000
2025-01-14,14:04:42,TikTok Ads,Accessories,16190,233,276964,8,360000
2025-03-17,16:46:29,Instagram Ads,Accessories,10462,212,528499,12,540000
2025-03-14,02:32:02,Instagram Ads,Accessories,3340,48,104875,3,135000
2025-02-11,05:04:09,Instagram Ads,Pants,6841,63,96935,2,360000
2025-01-31,10:33:05,TikTok Ads,Pants,22214,689,553587,18,3240000
2025-03-05,06:56:19,Google Ads,T-Shirt,5969,94,451337,5,475000
2025-01-05,04:33:50,Instagram Ads,Hoodie/Jacket,7285,118,388412,2,500000
2025-01-28,17:13:04,TikTok Ads,Hoodie/Jacket,19188,114,134754,7,1750000
2025-01-20,08:42:01,TikTok Ads,Accessories,15886,269,142815,14,630000
2025-03-12,05:56:23,Google Ads,Accessories,3730,36,175191,1,45000
2025-01-05,02:33:14,TikTok Ads,T-Shirt,9675,79,71578,5,475000
2025-01-05,19:48:11,Instagram Ads,Accessories,16046,90,144294,5,225000
2025-01-31,08:32:08,Google Ads,T-Shirt,5611,178,903123,8,760000
2025-01-08,17:36:09,Instagram Ads,Pants,14929,210,490893,12,2160000
2025-03-10,04:42:13,TikTok Ads,T-Shirt,22824,412,274507,10,950000
2025-02-28,12:59:43,Google Ads,Accessories,6560,105,389625,6,270000
2025-03-25,22:21:43,TikTok Ads,Accessories,15720,199,111842,10,450000
2025-01-13,03:07:41,Instagram Ads,Accessories,10193,248,648758,4,180000
2025-02-22,04:59:04,Google Ads,Accessories,2150,65,240570,3,135000
2025-02-24,07:55:43,Google Ads,Accessories,4040,41,163336,1,45000
2025-03-09,01:06:00,TikTok Ads,Pants,5806,221,246499,9,1620000
2025-03-03,05:38:19,Instagram Ads,Accessories,4137,120,294442,7,315000
2025-01-28,10:16:39,Instagram Ads,Pants,14704,475,1303792,23,4140000
2025-01-07,09:09:57,Google Ads,Accessories,4824,39,184238,0,0
2025-01-17,20:21:47,Google Ads,T-Shirt,3969,126,493332,4,380000
2025-01-10,12:44:23,Instagram Ads,Hoodie/Jacket,8085,169,272050,7,1750000
2025-03-24,00:31:52,TikTok Ads,Hoodie/Jacket,24914,873,511801,57,14250000
2025-01-27,00:19:06,Google Ads,Hoodie/Jacket,2390,29,160629,0,0
2025-01-04,13:33:12,Google Ads,Accessories,5227,133,479689,7,315000
2025-03-29,14:35:48,TikTok Ads,Pants,14256,89,46925,1,180000
2025-01-02,13:01:09,Google Ads,T-Shirt,1826,59,322017,1,95000
2025-02-11,19:10:40,TikTok Ads,Accessories,21013,276,312577,18,810000
2025-01-08,22:13:15,Instagram Ads,Hoodie/Jacket,12095,69,133819,4,1000000
2025-03-10,17:34:25,TikTok Ads,Pants,23427,149,155838,6,1080000
2025-03-07,23:34:52,Google Ads,Pants,5882,52,288841,3,540000
2025-03-19,02:58:49,TikTok Ads,Accessories,24660,532,544348,7,315000
2025-02-23,13:35:14,TikTok Ads,Accessories,15135,164,124998,6,270000
2025-02-09,22:25:25,Instagram Ads,T-Shirt,12710,371,687945,25,2375000
2025-01-21,06:00:52,TikTok Ads,Accessories,15874,573,338448,44,1980000
2025-01-01,02:38:21,Google Ads,Hoodie/Jacket,1052,25,132846,1,250000
2025-03-04,21:03:19,Instagram Ads,T-Shirt,12153,222,538791,15,1425000
2025-01-20,17:43:47,Google Ads,Pants,5177,134,542980,6,1080000
2025-01-30,02:19:49,Google Ads,Hoodie/Jacket,2774,86,341103,1,250000
2025-01-29,02:19:59,Instagram Ads,Pants,7727,283,653788,9,1620000
2025-02-01,07:31:42,Google Ads,Pants,4557,136,597417,4,720000
2025-01-16,10:59:30,Google Ads,Pants,1128,11,55636,0,0
2025-02-12,03:09:34,Instagram Ads,T-Shirt,17114,257,523526,14,1330000
2025-02-08,14:10:35,Instagram Ads,Accessories,6343,177,448410,7,315000
2025-02-05,06:03:01,Google Ads,Hoodie/Jacket,5331,175,608000,5,1250000
2025-03-02,01:09:28,TikTok Ads,Accessories,17048,485,428164,28,1260000
2025-02-21,02:57:43,TikTok Ads,Hoodie/Jacket,17297,179,202443,14,3500000
2025-02-27,10:31:49,Instagram Ads,Hoodie/Jacket,6259,115,224544,4,1000000
2025-02-10,19:38:59,Instagram Ads,Pants,9901,57,151096,4,720000
2025-03-27,00:32:41,Instagram Ads,Hoodie/Jacket,9439,294,937585,14,3500000
2025-03-18,05:08:04,Google Ads,Pants,5178,107,360131,2,360000
2025-03-02,06:53:15,Google Ads,Hoodie/Jacket,7368,127,356556,1,250000
2025-02-20,02:08:34,Instagram Ads,Pants,10647,123,371669,1,180000
2025-01-30,02:15:54,Google Ads,Accessories,1067,38,211672,1,45000
2025-03-22,11:56:14,Instagram Ads,Pants,13913,189,347131,12,2160000
2025-01-10,15:48:37,TikTok Ads,T-Shirt,24968,635,596449,46,4370000
2025-01-26,07:08:13,Instagram Ads,T-Shirt,13743,329,995213,6,570000
2025-02-02,00:45:29,TikTok Ads,T-Shirt,17582,452,313588,33,3135000
2025-03-07,14:30:44,Google Ads,Pants,2854,48,203538,3,540000
2025-02-17,08:04:32,Google Ads,T-Shirt,7508,65,339914,4,380000
2025-02-05,02:40:35,Instagram Ads,T-Shirt,17916,410,1219695,23,2185000
2025-03-01,02:14:30,Google Ads,T-Shirt,4517,49,171393,3,285000
2025-03-16,14:11:18,Instagram Ads,Accessories,8078,80,158268,1,45000
2025-02-24,06:07:29,Google Ads,Hoodie/Jacket,7573,62,199203,1,250000
2025-03-28,09:34:19,Instagram Ads,Pants,3522,104,353760,3,540000
2025-03-19,14:23:02,TikTok Ads,Accessories,14765,153,138750,6,270000
2025-03-11,17:22:42,Google Ads,Hoodie/Jacket,1959,72,254130,5,1250000
2025-02-11,01:36:48,Google Ads,Hoodie/Jacket,7763,82,352785,1,250000
2025-01-30,02:25:04,TikTok Ads,Hoodie/Jacket,21363,616,330508,26,6500000
2025-01-01,13:05:06,Google Ads,Hoodie/Jacket,7465,142,391232,4,1000000
2025-01-29,06:54:55,TikTok Ads,T-Shirt,23556,426,323452,18,1710000
2025-03-12,20:13:39,TikTok Ads,Hoodie/Jacket,9251,136,112088,7,1750000
2025-02-02,14:14:38,Instagram Ads,Accessories,3699,56,179537,2,90000
2025-03-13,05:12:53,Google Ads,Hoodie/Jacket,6320,211,756086,12,3000000
2025-03-26,03:21:02,Google Ads,Pants,2631,73,401333,1,180000
2025-02-21,02:49:13,Instagram Ads,Accessories,11921,159,527046,6,270000
2025-03-17,15:37:16,Google Ads,Hoodie/Jacket,6520,229,1166111,10,2500000
2025-02-27,04:48:00,TikTok Ads,Pants,20352,501,548811,23,4140000
2025-02-28,20:34:01,TikTok Ads,Accessories,18403,374,338546,21,945000
2025-01-20,10:00:28,TikTok Ads,T-Shirt,15616,306,317564,12,1140000
2025-03-18,06:40:40,Google Ads,Hoodie/Jacket,1936,62,195457,2,500000
2025-03-12,16:24:43,TikTok Ads,T-Shirt,10084,111,116790,7,665000
2025-03-04,03:16:45,TikTok Ads,T-Shirt,24201,964,726914,39,3705000
2025-02-23,16:54:21,Google Ads,Hoodie/Jacket,7420,198,1161880,14,3500000
2025-01-19,07:21:00,Instagram Ads,Pants,8891,165,307335,6,1080000
2025-02-14,19:44:35,Instagram Ads,Accessories,9971,224,565081,14,630000
2025-02-15,00:01:06,Instagram Ads,Accessories,3823,77,196868,5,225000
2025-01-03,20:50:27,TikTok Ads,Hoodie/Jacket,16536,225,208150,11,2750000
2025-03-05,19:11:22,Instagram Ads,Pants,6173,175,376961,11,1980000
2025-01-08,08:18:07,Instagram Ads,Hoodie/Jacket,16386,312,637445,5,1250000
2025-01-04,15:37:59,Google Ads,Pants,2809,60,331515,4,720000
2025-03-07,14:26:35,TikTok Ads,Pants,17512,266,245864,6,1080000
2025-01-16,00:33:08,Instagram Ads,Hoodie/Jacket,6311,190,397756,14,3500000
2025-01-06,14:08:42,Instagram Ads,Pants,7615,38,122578,2,360000
2025-03-21,11:07:06,Google Ads,Hoodie/Jacket,7310,277,705360,13,3250000
2025-03-26,13:31:19,TikTok Ads,Hoodie/Jacket,9363,364,390015,5,1250000
2025-02-16,19:40:04,Instagram Ads,Accessories,5428,63,152064,0,0
2025-03-27,18:21:22,Instagram Ads,Hoodie/Jacket,16913,226,786574,10,2500000
2025-02-23,06:45:49,Instagram Ads,Accessories,7009,46,143037,3,135000
2025-02-01,03:00:40,TikTok Ads,T-Shirt,15561,139,163946,5,475000
2025-02-18,01:37:48,TikTok Ads,Pants,19211,432,385035,25,4500000
2025-02-14,09:08:36,Instagram Ads,Accessories,9585,132,452086,5,225000
2025-01-19,04:34:23,Google Ads,T-Shirt,4828,148,663714,10,950000
2025-02-20,01:20:04,TikTok Ads,Accessories,20407,764,701196,57,2565000
2025-03-25,08:56:11,Google Ads,T-Shirt,2792,52,186408,2,190000
2025-02-10,05:34:28,TikTok Ads,Pants,16296,360,261549,23,4140000
2025-01-24,03:06:42,TikTok Ads,Accessories,14873,582,453921,39,1755000
2025-01-11,20:58:52,Instagram Ads,Accessories,9815,127,366763,2,90000
2025-03-18,10:20:09,Instagram Ads,Hoodie/Jacket,6390,45,74435,1,250000
2025-01-27,20:31:33,Instagram Ads,Accessories,17472,211,717531,10,450000
2025-03-11,20:06:27,Google Ads,Accessories,6178,45,160209,1,45000
2025-01-23,13:00:00,TikTok Ads,Accessories,22018,831,433873,11,495000
2025-02-23,03:36:03,Google Ads,Accessories,2854,36,129241,1,45000
2025-01-29,22:24:37,Instagram Ads,Hoodie/Jacket,16081,592,1735536,13,3250000
2025-03-29,12:03:12,Google Ads,Pants,3719,115,422385,2,360000
2025-01-18,00:37:02,Instagram Ads,Hoodie/Jacket,13617,499,1108550,31,7750000
2025-03-14,09:30:12,TikTok Ads,Accessories,10347,74,38741,5,225000
2025-03-22,19:15:04,TikTok Ads,Pants,6306,212,169382,14,2520000
2025-01-12,00:07:36,TikTok Ads,Hoodie/Jacket,10097,227,140782,8,2000000
2025-01-28,20:22:14,Google Ads,Accessories,7287,118,639979,2,90000
2025-01-12,15:54:09,TikTok Ads,T-Shirt,14794,339,334221,10,950000
2025-01-21,21:06:22,TikTok Ads,Pants,17871,535,607400,28,5040000
2025-02-12,19:47:19,TikTok Ads,Hoodie/Jacket,6625,113,129260,3,750000
2025-03-04,01:56:24,Instagram Ads,Accessories,14956,275,454511,9,405000
2025-01-13,01:13:31,Instagram Ads,Pants,8779,301,588262,8,1440000
2025-03-02,14:33:52,Instagram Ads,Pants,15303,546,1285084,21,3780000
2025-01-27,00:17:05,Google Ads,Hoodie/Jacket,4354,72,390628,4,1000000
2025-02-25,20:14:39,TikTok Ads,Accessories,22868,831,532840,35,1575000
2025-02-16,21:16:51,TikTok Ads,Accessories,15488,450,376560,20,900000
2025-02-12,02:10:45,Google Ads,Pants,4067,60,301714,0,0
2025-03-14,05:27:11,TikTok Ads,Hoodie/Jacket,10892,302,346820,22,5500000
2025-01-14,15:57:16,Instagram Ads,T-Shirt,11286,295,729866,18,1710000
2025-01-03,07:42:11,Instagram Ads,Accessories,13793,441,1460172,12,540000
2025-02-23,21:02:07,Instagram Ads,Accessories,13849,149,367939,11,495000
2025-01-26,04:07:15,Instagram Ads,T-Shirt,14064,292,1011317,13,1235000
2025-02-01,23:58:46,Instagram Ads,T-Shirt,12765,284,643705,8,760000
2025-03-09,11:25:10,Google Ads,Pants,3433,126,502359,5,900000
2025-02-19,18:44:23,Google Ads,T-Shirt,1115,30,75332,0,0
2025-03-27,16:12:35,TikTok Ads,Accessories,18116,562,604685,32,1440000
2025-01-21,15:07:46,TikTok Ads,Hoodie/Jacket,24071,551,653653,9,2250000
2025-03-13,11:36:05,TikTok Ads,Pants,17913,710,660658,14,2520000
2025-03-15,16:07:45,Google Ads,Hoodie/Jacket,7095,201,1084181,10,2500000
2025-03-04,01:01:41,TikTok Ads,Hoodie/Jacket,11588,119,69004,3,750000
2025-01-08,14:01:42,Google Ads,Pants,7362,65,290000,2,360000
2025-03-19,19:34:41,Google Ads,Hoodie/Jacket,6092,103,300819,1,250000
2025-03-14,07:51:59,Google Ads,T-Shirt,3634,125,643365,5,475000
2025-03-05,05:05:38,Instagram Ads,T-Shirt,8410,181,433483,9,855000
2025-01-13,10:54:55,Google Ads,Hoodie/Jacket,5223,83,333140,3,750000
2025-01-14,19:05:30,Google Ads,Accessories,2304,22,74857,1,45000
2025-01-15,20:58:56,Instagram Ads,Pants,11092,314,745071,5,900000
2025-02-22,01:38:19,TikTok Ads,Pants,17185,451,530231,13,2340000
2025-01-11,10:47:54,Instagram Ads,Accessories,13685,192,506703,7,315000
2025-01-23,22:26:17,Instagram Ads,Pants,13147,413,770027,16,2880000
2025-01-31,06:43:48,Google Ads,Hoodie/Jacket,3058,92,344526,2,500000
2025-03-14,19:39:48,Instagram Ads,Accessories,13980,485,1525014,12,540000
2025-01-21,03:21:59,TikTok Ads,Pants,6551,250,139201,17,3060000
2025-03-06,19:20:15,Google Ads,Hoodie/Jacket,5517,52,207547,3,750000
2025-01-18,10:34:13,Instagram Ads,Hoodie/Jacket,16998,474,1356113,13,3250000
2025-03-24,15:25:02,TikTok Ads,Hoodie/Jacket,17424,565,612903,20,5000000
2025-02-07,08:27:18,Instagram Ads,Pants,16895,468,1584396,24,4320000
2025-01-09,15:22:40,Google Ads,Pants,5069,158,739484,1,180000
2025-03-21,14:36:34,TikTok Ads,Pants,24621,881,731756,22,3960000
2025-02-02,13:17:03,Instagram Ads,Accessories,6179,77,248370,1,45000
2025-03-17,09:21:15,TikTok Ads,Accessories,15878,109,100301,3,135000
2025-02-05,13:37:15,Instagram Ads,T-Shirt,10106,229,564485,8,760000
2025-02-05,07:39:53,Google Ads,T-Shirt,4363,32,166350,2,190000
2025-01-26,04:09:46,Instagram Ads,Pants,15856,329,501054,25,4500000
2025-01-22,19:59:05,TikTok Ads,Pants,12394,233,177807,9,1620000
2025-02-11,14:21:23,Google Ads,Pants,3277,68,351429,1,180000
2025-02-06,11:27:57,TikTok Ads,Accessories,12218,162,155021,2,90000
2025-03-17,18:58:31,Instagram Ads,Pants,11707,243,571624,5,900000
2025-03-05,06:48:01,Instagram Ads,Accessories,7499,242,792349,13,585000
2025-01-30,04:23:06,Google Ads,Hoodie/Jacket,5312,91,416016,5,1250000
2025-01-07,11:11:44,TikTok Ads,Pants,12992,397,272559,10,1800000
2025-03-09,06:30:17,Google Ads,Accessories,1159,24,104207,0,0
2025-03-21,11:21:56,Google Ads,Hoodie/Jacket,5939,167,548599,10,2500000
2025-02-20,00:44:53,Instagram Ads,Hoodie/Jacket,3345,34,115415,1,250000
2025-02-14,18:40:01,Instagram Ads,Accessories,12171,470,1216813,7,315000
2025-01-27,19:43:26,TikTok Ads,Accessories,10588,119,59656,1,45000
2025-02-05,02:01:13,Google Ads,Hoodie/Jacket,5225,201,659812,10,2500000
2025-03-24,11:05:24,TikTok Ads,Accessories,10387,401,308879,29,1305000
2025-03-26,01:11:25,Instagram Ads,Pants,11680,216,622485,16,2880000
2025-01-12,14:27:00,Instagram Ads,Hoodie/Jacket,11924,108,237797,2,500000
2025-03-06,14:28:39,Google Ads,Pants,2955,75,388710,4,720000
2025-01-13,20:45:05,Google Ads,Pants,3896,23,135040,1,180000
2025-01-13,00:33:39,TikTok Ads,Hoodie/Jacket,23099,713,808365,16,4000000
2025-01-09,02:43:12,TikTok Ads,Pants,20721,271,187003,8,1440000
2025-03-05,11:14:12,TikTok Ads,Pants,23767,826,793716,58,10440000
2025-02-22,00:58:02,Instagram Ads,Pants,6868,121,345738,6,1080000
2025-03-22,03:33:40,TikTok Ads,T-Shirt,13652,372,397216,13,1235000
2025-03-27,12:01:54,TikTok Ads,Accessories,11426,104,87108,8,360000
2025-02-24,03:48:44,Instagram Ads,Accessories,10186,127,235228,1,45000
2025-03-01,13:12:38,Instagram Ads,Accessories,7117,183,327182,4,180000
2025-02-07,16:10:49,TikTok Ads,Hoodie/Jacket,16382,439,301875,16,4000000
2025-01-30,18:25:07,Google Ads,T-Shirt,6673,198,1067982,4,380000
2025-02-16,22:34:04,Google Ads,T-Shirt,1614,41,107810,1,95000
2025-03-16,16:42:05,Instagram Ads,Accessories,10778,271,921903,9,405000
2025-02-10,12:35:44,TikTok Ads,Pants,10475,77,65347,2,360000
2025-01-21,07:37:20,Google Ads,Accessories,2986,51,271995,0,0
2025-02-06,06:01:47,TikTok Ads,Accessories,11102,244,167855,8,360000
2025-01-26,12:15:13,Google Ads,Hoodie/Jacket,4283,74,307758,4,1000000
2025-01-21,17:31:39,Google Ads,Hoodie/Jacket,6906,190,491922,10,2500000
2025-03-10,02:43:41,TikTok Ads,Accessories,10057,220,172303,2,90000
2025-02-03,22:40:14,Google Ads,Accessories,4426,86,497462,3,135000
2025-01-06,03:35:36,Google Ads,Accessories,3679,79,469954,1,45000
2025-02-11,18:29:38,Instagram Ads,Pants,8485,115,234785,1,180000
2025-01-17,12:23:13,Google Ads,Pants,1166,19,104056,0,0
2025-02-12,09:21:01,Instagram Ads,Hoodie/Jacket,11609,296,987725,3,750000
2025-03-22,10:29:14,Instagram Ads,T-Shirt,4252,165,248271,1,95000
2025-01-10,02:44:41,Instagram Ads,Pants,11472,68,159316,5,900000
2025-03-08,04:25:56,Google Ads,T-Shirt,3368,63,173142,0,0
2025-03-01,15:03:27,Instagram Ads,T-Shirt,15643,490,1341239,10,950000
2025-03-02,05:06:05,Google Ads,T-Shirt,4923,47,138184,0,0
2025-01-30,16:00:13,TikTok Ads,Pants,21898,185,220939,7,1260000
2025-01-01,11:12:38,TikTok Ads,Hoodie/Jacket,16470,450,472170,29,7250000
2025-01-20,22:45:30,TikTok Ads,Hoodie/Jacket,24208,520,476812,20,5000000
2025-01-26,20:09:39,Google Ads,Pants,3010,119,583182,7,1260000
2025-02-28,16:55:46,Google Ads,Accessories,5484,28,141762,1,45000
2025-02-06,07:06:07,TikTok Ads,Accessories,9406,305,187036,15,675000
2025-01-27,07:15:54,Instagram Ads,Pants,8672,77,188799,4,720000
2025-01-28,20:58:04,TikTok Ads,Accessories,17583,651,430673,34,1530000
2025-03-04,06:59:30,Google Ads,Pants,1340,17,63106,0,0
2025-03-10,08:44:01,Google Ads,T-Shirt,4940,50,255871,1,95000
2025-03-05,20:35:41,Instagram Ads,T-Shirt,5839,222,752087,15,1425000
2025-02-09,17:22:18,TikTok Ads,Hoodie/Jacket,13125,524,503297,7,1750000
2025-01-25,10:40:46,Instagram Ads,T-Shirt,4122,74,172067,4,380000
2025-03-29,15:50:00,TikTok Ads,Accessories,9507,375,337626,14,630000
2025-01-30,20:50:49,Instagram Ads,Pants,15197,207,514303,14,2520000
2025-03-26,19:06:19,Google Ads,Hoodie/Jacket,5796,30,75578,0,0
2025-03-27,22:23:40,Google Ads,Hoodie/Jacket,6385,62,263967,1,250000
2025-02-18,03:41:10,Instagram Ads,T-Shirt,3793,64,128230,1,95000
2025-02-20,14:55:49,Google Ads,Pants,3192,58,327613,2,360000
2025-02-18,00:36:54,Google Ads,Pants,4667,149,667191,6,1080000
2025-02-02,10:03:43,TikTok Ads,Hoodie/Jacket,24582,580,544227,39,9750000
2025-02-10,03:10:01,Google Ads,Accessories,4505,145,372216,7,315000
2025-02-08,20:44:52,Instagram Ads,Pants,10241,275,734725,4,720000
2025-03-16,04:27:40,Instagram Ads,Accessories,11770,450,1262001,23,1035000
2025-02-03,07:09:52,Google Ads,Pants,3370,58,189682,2,360000
2025-01-15,14:58:17,Google Ads,Hoodie/Jacket,4357,139,833784,5,1250000
2025-03-04,20:46:03,TikTok Ads,T-Shirt,9452,250,194738,13,1235000
2025-03-23,15:04:49,TikTok Ads,T-Shirt,7433,84,52691,2,190000
2025-02-08,20:28:43,Google Ads,Hoodie/Jacket,3261,57,193251,2,500000
2025-01-29,00:32:24,TikTok Ads,T-Shirt,16181,535,412740,39,3705000
2025-03-03,04:03:29,TikTok Ads,Accessories,5726,203,107263,5,225000
2025-03-07,11:44:33,TikTok Ads,T-Shirt,20822,554,470468,32,3040000
2025-02-11,18:49:16,Instagram Ads,Hoodie/Jacket,16122,332,761595,17,4250000
2025-03-28,06:26:31,Instagram Ads,Pants,15772,390,727181,26,4680000
2025-03-14,16:12:28,Instagram Ads,Accessories,8724,296,643505,11,495000
2025-01-27,18:48:46,Google Ads,Hoodie/Jacket,4494,167,687373,9,2250000
2025-03-06,00:52:15,TikTok Ads,Pants,6492,46,39790,3,540000
2025-01-12,02:24:49,TikTok Ads,T-Shirt,24909,400,422113,28,2660000
2025-03-05,10:44:48,TikTok Ads,Pants,11441,227,259330,3,540000
2025-01-10,09:36:50,TikTok Ads,Hoodie/Jacket,15230,551,640548,21,5250000
2025-01-31,06:57:55,Google Ads,Hoodie/Jacket,1341,53,148332,2,500000
2025-02-20,14:36:57,Google Ads,Hoodie/Jacket,6043,98,525826,1,250000
2025-03-17,07:00:03,Instagram Ads,T-Shirt,6930,212,684544,9,855000
2025-02-25,23:27:09,TikTok Ads,Hoodie/Jacket,19683,356,417773,10,2500000
2025-03-09,03:24:44,Instagram Ads,Hoodie/Jacket,6974,204,354211,11,2750000
2025-01-08,02:12:51,Instagram Ads,Accessories,14783,169,452414,8,360000
2025-03-22,05:00:53,Instagram Ads,Hoodie/Jacket,14551,79,196875,6,1500000
2025-03-15,06:14:40,TikTok Ads,Hoodie/Jacket,24374,389,371949,10,2500000
2025-02-13,06:06:44,TikTok Ads,Accessories,16861,445,393463,11,495000
2025-01-19,13:41:44,TikTok Ads,T-Shirt,13906,257,217631,10,950000
2025-03-17,15:25:23,Google Ads,T-Shirt,2647,60,221486,3,285000
2025-01-25,23:39:42,TikTok Ads,Hoodie/Jacket,11090,304,181542,6,1500000
2025-03-03,04:04:24,Google Ads,Pants,3797,23,117844,1,180000
2025-01-23,08:00:36,Google Ads,T-Shirt,1924,14,41526,1,95000
2025-02-13,01:53:35,Google Ads,Accessories,1661,54,233582,3,135000
2025-02-28,20:26:53,TikTok Ads,T-Shirt,14310,487,560376,37,3515000
2025-03-09,12:14:59,TikTok Ads,Accessories,23537,560,403039,38,1710000
2025-03-19,00:32:49,Instagram Ads,T-Shirt,14779,238,733384,12,1140000
2025-03-20,00:03:12,Instagram Ads,T-Shirt,8184,123,403492,4,380000
2025-03-01,05:34:58,Google Ads,Hoodie/Jacket,6540,36,123463,1,250000
2025-02-26,06:59:37,Google Ads,Accessories,3148,114,352876,7,315000
2025-01-08,23:33:57,Google Ads,Pants,6529,129,468641,5,900000
2025-02-20,20:50:41,Google Ads,Pants,6772,50,189318,0,0
2025-03-07,18:16:01,Google Ads,Pants,4719,150,828919,2,360000
2025-02-03,13:59:09,TikTok Ads,T-Shirt,16003,390,215146,30,2850000
2025-03-09,04:57:04,Instagram Ads,T-Shirt,4633,44,69240,0,0
2025-02-05,14:01:47,TikTok Ads,Pants,23977,396,233689,12,2160000
2025-01-29,21:08:32,Instagram Ads,Pants,16691,510,1664194,29,5220000
2025-02-14,09:20:53,Instagram Ads,Pants,14312,569,903121,24,4320000
2025-01-24,21:43:28,Google Ads,Hoodie/Jacket,6534,91,506932,5,1250000
2025-02-23,04:50:21,Instagram Ads,Accessories,6427,228,681391,9,405000
2025-03-18,23:21:56,Google Ads,Hoodie/Jacket,3353,96,572689,3,750000
2025-02-11,13:51:45,Google Ads,Pants,5146,63,218078,4,720000
2025-02-05,16:45:09,TikTok Ads,T-Shirt,24850,508,568247,16,1520000
2025-02-15,16:51:19,Instagram Ads,T-Shirt,3556,21,68117,1,95000
2025-01-17,04:23:04,Instagram Ads,Pants,3269,42,117158,2,360000
2025-02-14,14:16:56,Instagram Ads,Hoodie/Jacket,14695,191,405787,4,1000000
2025-01-01,22:57:16,TikTok Ads,T-Shirt,6810,167,174348,6,570000
2025-02-18,12:26:39,Google Ads,Accessories,3010,86,469118,1,45000
2025-02-26,03:57:10,Google Ads,Pants,7024,238,1152443,17,3060000
2025-03-17,08:43:40,Instagram Ads,T-Shirt,11448,303,967128,4,380000
2025-03-05,15:53:18,Instagram Ads,Pants,4980,176,334526,10,1800000
2025-02-28,03:14:01,Instagram Ads,Hoodie/Jacket,9894,250,641130,4,1000000
2025-03-16,15:25:08,Instagram Ads,T-Shirt,14698,79,129758,6,570000
2025-03-24,00:15:22,Instagram Ads,Pants,3687,75,135315,3,540000
2025-01-27,23:46:24,Instagram Ads,T-Shirt,8463,129,295379,1,95000
2025-01-08,00:34:41,Google Ads,Pants,5440,156,766481,3,540000
2025-01-04,20:53:53,Instagram Ads,Pants,4818,39,92319,2,360000
2025-02-04,15:50:41,Instagram Ads,Accessories,3336,70,126286,2,90000
2025-03-27,19:56:00,TikTok Ads,T-Shirt,15805,181,159768,14,1330000
2025-02-17,13:12:49,TikTok Ads,Pants,19716,756,546037,51,9180000
2025-03-18,09:08:21,TikTok Ads,Pants,19501,430,376316,16,2880000
2025-02-09,05:59:55,Google Ads,Accessories,6853,240,904716,6,270000
2025-01-17,19:25:57,Google Ads,Hoodie/Jacket,1281,11,29014,0,0
2025-03-05,00:23:24,Google Ads,Hoodie/Jacket,5583,97,452354,1,250000
2025-02-01,16:57:54,Google Ads,Hoodie/Jacket,4943,66,342546,3,750000
2025-03-01,11:08:36,Instagram Ads,Pants,10423,263,624159,12,2160000
2025-03-26,15:39:02,TikTok Ads,T-Shirt,24288,355,338686,7,665000
2025-02-16,03:00:18,Instagram Ads,Hoodie/Jacket,14002,429,1301232,13,3250000
2025-03-19,06:35:51,Google Ads,Accessories,5958,189,557083,1,45000
2025-02-23,20:55:27,Google Ads,Pants,5493,127,536992,5,900000
2025-01-06,15:57:40,TikTok Ads,Hoodie/Jacket,10959,350,334584,12,3000000
2025-03-17,09:15:58,Google Ads,Hoodie/Jacket,2749,57,258155,4,1000000
2025-03-20,20:02:39,Google Ads,T-Shirt,3500,113,471745,3,285000
2025-01-12,08:33:29,TikTok Ads,Accessories,23268,341,181683,20,900000
2025-03-08,15:10:26,TikTok Ads,Accessories,12957,417,226930,28,1260000
2025-03-03,03:07:53,Instagram Ads,Accessories,7735,64,168743,2,90000
2025-01-30,22:55:29,Instagram Ads,Accessories,4960,188,611786,3,135000
2025-02-23,20:18:00,Google Ads,T-Shirt,3198,29,158585,2,190000
2025-01-30,08:24:45,Google Ads,T-Shirt,1406,51,204408,0,0
2025-02-12,13:49:12,Instagram Ads,Hoodie/Jacket,6306,217,686313,7,1750000
2025-03-01,23:40:00,TikTok Ads,Hoodie/Jacket,24921,722,415554,11,2750000
2025-03-11,16:37:36,TikTok Ads,Accessories,20845,606,495587,12,540000
2025-03-13,02:40:24,TikTok Ads,Pants,20514,447,232627,25,4500000
2025-03-23,20:42:40,Instagram Ads,Accessories,14905,443,1399272,23,1035000
2025-01-08,13:03:57,Instagram Ads,Hoodie/Jacket,3832,53,137982,1,250000
2025-01-10,17:10:04,TikTok Ads,T-Shirt,11643,304,271308,17,1615000
2025-02-21,18:56:15,Google Ads,T-Shirt,3971,114,364617,1,95000
2025-01-25,07:26:02,Instagram Ads,Accessories,16804,201,338239,14,630000
2025-02-05,18:49:26,TikTok Ads,Accessories,8683,246,195967,4,180000
2025-03-16,16:06:51,TikTok Ads,Hoodie/Jacket,14127,407,204587,8,2000000
2025-02-19,10:22:02,TikTok Ads,T-Shirt,7376,89,68294,1,95000
2025-03-19,03:12:11,Instagram Ads,Hoodie/Jacket,15394,109,364250,3,750000
2025-03-27,23:36:21,Instagram Ads,Hoodie/Jacket,7652,48,108883,0,0
2025-03-21,17:40:33,TikTok Ads,Accessories,16246,314,172762,9,405000
2025-02-15,20:57:30,Instagram Ads,Accessories,9689,63,219650,3,135000
2025-02-04,03:58:40,Instagram Ads,Accessories,3541,43,148949,2,90000
2025-03-24,21:23:02,Instagram Ads,Hoodie/Jacket,10817,372,854882,8,2000000
2025-02-17,04:20:44,Google Ads,Hoodie/Jacket,3411,73,225454,1,250000
2025-01-23,23:31:07,Instagram Ads,T-Shirt,4528,118,187962,2,190000
2025-01-02,09:01:52,Instagram Ads,Hoodie/Jacket,7612,129,419705,8,2000000
2025-01-05,18:32:25,Google Ads,Hoodie/Jacket,2986,92,387256,4,1000000
2025-02-26,20:30:32,Instagram Ads,T-Shirt,16527,433,1031599,32,3040000
2025-02-08,21:01:21,TikTok Ads,Hoodie/Jacket,13392,222,207860,3,750000
2025-01-16,08:19:30,Google Ads,Accessories,5910,55,300442,2,90000
2025-02-23,08:24:51,TikTok Ads,Hoodie/Jacket,11446,313,248462,11,2750000
2025-02-01,05:52:36,Google Ads,Hoodie/Jacket,7540,152,804436,10,2500000
2025-03-11,21:43:59,Instagram Ads,T-Shirt,12435,154,301248,8,760000
2025-01-03,07:58:00,Google Ads,Hoodie/Jacket,6356,232,910124,12,3000000
2025-03-13,12:46:49,Google Ads,Hoodie/Jacket,5940,184,484486,10,2500000
2025-01-14,01:45:22,Instagram Ads,Accessories,3260,129,209850,4,180000
2025-02-23,08:54:22,Google Ads,T-Shirt,3212,95,497445,3,285000
2025-02-22,22:22:54,TikTok Ads,Accessories,9171,352,263448,20,900000
2025-01-01,04:43:27,Google Ads,Hoodie/Jacket,4136,121,313147,1,250000
2025-01-30,18:28:58,Instagram Ads,Accessories,14088,534,1618191,5,225000
2025-03-16,10:56:26,Instagram Ads,Accessories,3390,99,155221,3,135000
2025-02-07,06:27:08,Instagram Ads,T-Shirt,6713,49,139121,2,190000
2025-03-20,22:36:37,Google Ads,Accessories,7219,225,1238776,9,405000
2025-01-16,04:57:36,Instagram Ads,T-Shirt,9519,267,467919,5,475000
2025-03-20,09:15:24,Google Ads,Hoodie/Jacket,2619,100,479934,1,250000
2025-02-15,22:29:15,Instagram Ads,Hoodie/Jacket,13990,543,1402852,7,1750000
2025-01-09,11:27:11,Google Ads,T-Shirt,7538,52,229976,2,190000
2025-02-13,09:31:49,TikTok Ads,Pants,14765,339,189105,24,4320000
2025-03-23,22:39:13,Instagram Ads,Pants,15592,499,1426039,38,6840000
2025-03-11,10:12:42,TikTok Ads,Accessories,7555,143,157926,4,180000
2025-03-26,01:15:24,Google Ads,Hoodie/Jacket,3512,137,592461,2,500000
2025-01-18,19:55:44,TikTok Ads,Pants,6230,44,48099,1,180000
2025-01-28,08:59:04,Google Ads,T-Shirt,5073,168,930417,10,950000
2025-01-14,23:18:59,Google Ads,T-Shirt,2762,84,276547,4,380000
2025-02-24,09:48:17,TikTok Ads,Hoodie/Jacket,13578,320,250560,16,4000000
2025-01-23,21:18:21,Google Ads,Accessories,2914,77,285089,3,135000
2025-02-25,12:15:42,Google Ads,T-Shirt,7813,245,998693,8,760000
2025-01-31,08:36:46,TikTok Ads,Accessories,17180,195,217007,5,225000
2025-01-31,14:08:07,TikTok Ads,T-Shirt,12230,330,294171,15,1425000
2025-02-02,16:03:55,TikTok Ads,T-Shirt,10644,141,143528,5,475000
2025-01-15,23:13:35,Google Ads,T-Shirt,2722,97,478379,5,475000
2025-03-22,22:20:53,Instagram Ads,Hoodie/Jacket,5607,36,68972,1,250000
2025-01-14,03:09:19,Instagram Ads,Pants,7458,254,705080,11,1980000
2025-03-19,22:37:31,TikTok Ads,Pants,18395,149,139539,9,1620000
2025-01-10,00:30:46,TikTok Ads,Accessories,13553,452,402564,27,1215000
2025-03-01,07:40:37,TikTok Ads,Pants,10939,71,46943,2,360000
2025-01-21,07:31:35,Google Ads,T-Shirt,7063,163,919214,6,570000
2025-01-18,19:51:34,TikTok Ads,Pants,8348,67,38797,4,720000
2025-01-21,01:57:36,TikTok Ads,Pants,13007,406,438300,26,4680000
2025-03-29,12:57:32,Google Ads,Pants,1992,13,76500,0,0
2025-03-03,01:04:59,TikTok Ads,Pants,5661,218,194806,4,720000
2025-01-31,19:14:21,Google Ads,T-Shirt,1253,10,25321,0,0
2025-01-19,13:03:30,Google Ads,Hoodie/Jacket,4141,23,129936,1,250000
2025-01-20,16:25:37,Instagram Ads,Pants,15880,570,925129,26,4680000
2025-01-20,16:19:08,Instagram Ads,Hoodie/Jacket,10294,361,1124290,24,6000000
2025-01-05,07:29:26,Google Ads,T-Shirt,4216,166,671654,6,570000
2025-01-08,23:17:47,Instagram Ads,Hoodie/Jacket,10845,74,198787,3,750000
2025-02-18,19:42:43,Google Ads,T-Shirt,4551,65,172151,3,285000
2025-03-25,00:15:05,TikTok Ads,Pants,5258,57,64297,2,360000
2025-03-25,17:02:33,TikTok Ads,Hoodie/Jacket,8687,208,137346,8,2000000
2025-03-11,07:28:48,Google Ads,Hoodie/Jacket,4697,63,365448,1,250000
2025-02-03,05:28:27,Instagram Ads,Accessories,15626,619,1647716,38,1710000
2025-03-09,03:55:08,Instagram Ads,T-Shirt,4117,117,286810,7,665000
2025-01-19,00:44:56,Instagram Ads,Pants,5433,86,266180,3,540000
2025-02-20,18:51:06,TikTok Ads,T-Shirt,10124,184,95396,12,1140000
2025-03-26,12:30:57,Instagram Ads,Pants,5143,134,465979,8,1440000
2025-01-20,12:17:24,Instagram Ads,Accessories,5361,54,186791,3,135000
2025-01-22,09:50:41,Instagram Ads,Accessories,9838,267,730793,11,495000
2025-02-20,01:48:25,Instagram Ads,T-Shirt,12493,129,333183,6,570000
2025-02-20,10:20:53,Instagram Ads,Accessories,6104,122,252725,7,315000
2025-02-23,04:54:56,Google Ads,T-Shirt,2252,69,295700,3,285000
2025-02-26,23:18:23,TikTok Ads,T-Shirt,5785,228,245942,6,570000
2025-02-05,05:28:19,Instagram Ads,Accessories,13258,134,318973,4,180000
2025-01-02,23:14:20,Google Ads,Pants,4118,143,377884,8,1440000
2025-02-15,10:45:11,Google Ads,Accessories,5195,26,87706,0,0
2025-01-10,12:54:24,Instagram Ads,Pants,13929,555,1377716,40,7200000
2025-02-27,06:22:42,Instagram Ads,Pants,6343,200,546101,9,1620000
2025-01-25,23:42:56,Google Ads,T-Shirt,5946,47,198602,0,0
2025-02-22,02:57:15,Google Ads,Hoodie/Jacket,5650,84,458113,3,750000
2025-02-17,16:06:25,Google Ads,Pants,6854,257,1401869,3,540000
2025-02-10,21:26:30,TikTok Ads,Accessories,11614,175,93061,13,585000
2025-03-07,05:01:05,Instagram Ads,Hoodie/Jacket,16773,507,1621298,13,3250000
2025-03-19,21:55:25,Google Ads,Hoodie/Jacket,6139,68,406788,2,500000
2025-02-28,05:24:15,Google Ads,Pants,6069,117,297206,8,1440000
2025-01-01,19:52:27,TikTok Ads,T-Shirt,20106,641,569722,48,4560000
2025-03-16,01:40:03,Instagram Ads,Pants,15782,332,652074,21,3780000
2025-02-27,20:04:42,Google Ads,Accessories,5494,158,607532,3,135000
2025-02-05,15:38:22,Google Ads,Hoodie/Jacket,7582,212,1185122,5,1250000
2025-01-29,11:22:23,TikTok Ads,T-Shirt,15123,326,386918,11,1045000
2025-01-09,07:22:24,Google Ads,Accessories,4850,129,663045,3,135000
2025-02-20,05:10:18,Google Ads,Hoodie/Jacket,3448,90,306342,3,750000
2025-02-11,22:04:31,TikTok Ads,T-Shirt,7866,197,219833,2,190000
2025-02-06,17:53:45,Instagram Ads,Accessories,12738,237,465442,12,540000
2025-01-17,20:14:59,Google Ads,T-Shirt,2114,74,393926,5,475000
2025-01-17,07:19:40,TikTok Ads,T-Shirt,8814,164,100772,12,1140000
2025-03-07,10:57:38,Google Ads,Accessories,6880,145,764704,8,360000
2025-02-07,20:41:42,Google Ads,Hoodie/Jacket,1669,18,84984,1,250000
2025-01-19,00:41:56,TikTok Ads,Hoodie/Jacket,14641,503,497728,39,9750000
2025-01-25,08:53:58,Google Ads,Accessories,2308,83,329923,5,225000
2025-01-06,22:45:21,TikTok Ads,Hoodie/Jacket,20761,261,160867,7,1750000
2025-02-05,14:11:00,Google Ads,Accessories,6844,212,1069559,8,360000
2025-01-16,04:56:29,Instagram Ads,T-Shirt,12111,229,394813,17,1615000
2025-03-25,06:35:51,TikTok Ads,Hoodie/Jacket,17306,688,440633,11,2750000
2025-03-29,04:59:35,Google Ads,Pants,6237,175,875190,5,900000
2025-02-16,20:12:59,Google Ads,T-Shirt,4019,67,192534,1,95000
2025-01-21,05:20:21,TikTok Ads,T-Shirt,20632,274,193379,20,1900000
2025-02-16,14:40:53,Instagram Ads,T-Shirt,8208,232,614469,14,1330000
2025-01-14,15:03:20,TikTok Ads,T-Shirt,12421,181,108462,9,855000
2025-03-21,21:21:33,Google Ads,Hoodie/Jacket,1713,64,333780,0,0
2025-02-09,12:40:14,Instagram Ads,Pants,8124,139,304432,1,180000
2025-01-30,14:46:03,Google Ads,T-Shirt,2227,32,170096,0,0
2025-03-28,08:26:42,Instagram Ads,Accessories,14889,562,1572838,8,360000
2025-03-21,00:27:04,TikTok Ads,Pants,5572,168,185152,2,360000
2025-02-28,17:48:18,TikTok Ads,Hoodie/Jacket,7014,120,65544,2,500000
2025-03-10,13:53:34,TikTok Ads,Hoodie/Jacket,7382,280,185383,3,750000
2025-03-20,23:24:45,Google Ads,T-Shirt,4630,61,235985,1,95000
2025-02-11,08:30:22,Google Ads,T-Shirt,7981,168,490933,4,380000
2025-03-19,21:53:00,Google Ads,Hoodie/Jacket,7667,62,233331,4,1000000
2025-01-04,21:38:10,TikTok Ads,Accessories,9491,270,197117,16,720000
2025-01-30,17:25:56,TikTok Ads,Pants,21920,170,112673,10,1800000
2025-02-08,14:45:34,Instagram Ads,T-Shirt,7278,182,420232,12,1140000
2025-02-14,03:26:50,TikTok Ads,Accessories,6908,261,264029,5,225000
2025-01-27,17:03:14,TikTok Ads,Accessories,11396,173,138808,9,405000
2025-01-05,20:46:33,Google Ads,Pants,7241,176,832172,2,360000
2025-03-27,22:20:25,Instagram Ads,Pants,4518,69,234796,1,180000
2025-01-31,05:08:24,Google Ads,Pants,4756,130,652616,7,1260000
2025-02-27,04:30:43,TikTok Ads,Hoodie/Jacket,15233,128,91293,7,1750000
2025-03-09,16:20:40,TikTok Ads,Hoodie/Jacket,13601,87,72787,1,250000
2025-01-22,00:09:07,Instagram Ads,Hoodie/Jacket,17523,630,1551137,29,7250000
2025-01-12,07:26:17,Instagram Ads,Hoodie/Jacket,10560,185,537419,5,1250000
2025-01-22,06:46:29,Google Ads,Pants,4629,86,264726,5,900000
2025-01-08,16:34:17,TikTok Ads,Pants,20921,475,308492,32,5760000
2025-01-31,20:49:51,Google Ads,Accessories,4577,45,232767,3,135000
2025-03-22,19:54:07,TikTok Ads,Accessories,13438,390,230442,6,270000
2025-01-31,07:35:38,Instagram Ads,Pants,9579,91,251553,4,720000
2025-02-02,13:15:11,TikTok Ads,Accessories,15517,398,350067,18,810000
2025-03-22,14:47:39,TikTok Ads,Pants,11397,335,305029,25,4500000
2025-03-01,13:30:56,Instagram Ads,Hoodie/Jacket,6483,216,601697,16,4000000
2025-03-26,04:24:34,Google Ads,Pants,2829,66,360689,4,720000
2025-03-22,11:59:41,TikTok Ads,Hoodie/Jacket,14131,324,246562,12,3000000
2025-03-17,04:17:56,Instagram Ads,Accessories,12116,224,374126,3,135000
2025-03-12,10:05:37,Instagram Ads,Accessories,14404,542,1229216,8,360000
2025-02-14,21:07:54,Instagram Ads,Accessories,9980,344,1070662,9,405000
2025-03-16,20:56:25,TikTok Ads,Hoodie/Jacket,17226,281,265674,8,2000000
2025-01-05,05:18:05,Instagram Ads,Hoodie/Jacket,9263,136,254393,3,750000
2025-01-13,05:54:04,Google Ads,Accessories,1255,46,208567,0,0
2025-02-05,05:27:48,Google Ads,Accessories,7420,157,605483,12,540000
2025-01-23,00:51:12,TikTok Ads,Accessories,20921,528,584454,21,945000
2025-01-02,02:40:57,Google Ads,T-Shirt,4109,72,391234,5,475000
2025-01-07,12:00:41,TikTok Ads,Accessories,13800,550,471127,36,1620000
2025-03-03,09:48:15,TikTok Ads,Hoodie/Jacket,10656,232,209406,7,1750000
2025-01-22,16:09:18,Instagram Ads,Hoodie/Jacket,10446,107,245953,8,2000000
2025-02-12,13:19:51,Google Ads,Accessories,3479,88,230678,7,315000
2025-03-15,09:12:20,TikTok Ads,Pants,14523,133,81147,8,1440000
2025-01-21,03:14:40,TikTok Ads,T-Shirt,13125,247,219063,4,380000
2025-03-17,09:21:45,TikTok Ads,Pants,8228,181,158900,6,1080000
2025-01-11,02:38:21,Instagram Ads,Hoodie/Jacket,16156,542,1585481,12,3000000
2025-01-24,12:09:21,Google Ads,Hoodie/Jacket,3422,46,250573,1,250000
2025-03-05,10:18:50,Instagram Ads,Hoodie/Jacket,11758,193,657286,6,1500000
2025-03-25,14:53:23,TikTok Ads,Pants,5215,124,124928,1,180000
2025-03-11,09:01:44,TikTok Ads,Accessories,14078,539,522436,10,450000
2025-03-02,09:26:07,TikTok Ads,Accessories,8186,253,217256,14,630000
2025-02-24,23:03:23,TikTok Ads,Accessories,18703,642,535192,15,675000
2025-03-11,19:07:56,Google Ads,Pants,5465,89,383327,5,900000
2025-01-13,16:53:57,TikTok Ads,Pants,13964,443,426259,12,2160000
2025-02-26,07:57:04,Google Ads,Pants,2588,62,337764,1,180000
2025-01-06,10:26:05,Google Ads,Hoodie/Jacket,7035,238,874776,8,2000000
2025-02-13,02:40:47,Instagram Ads,T-Shirt,16290,88,243278,4,380000
2025-03-13,07:06:21,Google Ads,Pants,1675,52,162293,3,540000
2025-01-10,04:15:53,Google Ads,T-Shirt,1813,57,212467,2,190000
2025-02-06,22:03:04,TikTok Ads,Accessories,15403,245,169909,13,585000
2025-03-10,00:32:58,TikTok Ads,Hoodie/Jacket,16874,612,708222,20,5000000
2025-03-13,00:31:40,TikTok Ads,Accessories,23023,313,251770,21,945000
2025-01-07,07:26:16,TikTok Ads,T-Shirt,22340,668,438868,17,1615000
2025-01-22,17:49:21,TikTok Ads,Accessories,9761,213,252765,15,675000
2025-02-08,01:48:42,Google Ads,Accessories,4564,30,87635,1,45000
2025-03-04,12:59:19,Google Ads,Accessories,5007,47,188507,1,45000
2025-02-16,06:59:23,Google Ads,Pants,7024,216,860642,16,2880000
2025-03-26,03:30:41,Google Ads,Hoodie/Jacket,1775,54,258159,1,250000
2025-03-09,07:02:32,Google Ads,T-Shirt,3243,117,587075,1,95000
2025-03-12,16:12:40,TikTok Ads,Pants,20070,161,117013,8,1440000
2025-03-16,17:29:48,Instagram Ads,T-Shirt,17933,569,869866,30,2850000
2025-01-06,23:58:49,Instagram Ads,Accessories,10832,399,819757,5,225000
2025-03-10,22:44:44,Google Ads,Hoodie/Jacket,2217,17,47340,1,250000
2025-02-05,07:47:49,Instagram Ads,T-Shirt,4171,149,261640,5,475000
2025-01-02,00:42:53,Instagram Ads,Hoodie/Jacket,8116,298,750108,8,2000000
2025-03-07,10:08:47,Instagram Ads,Hoodie/Jacket,11195,438,661642,19,4750000
2025-01-16,17:33:19,Instagram Ads,Pants,17489,378,943612,25,4500000
2025-02-06,23:08:23,Instagram Ads,T-Shirt,10849,423,673979,11,1045000
2025-01-26,09:51:55,TikTok Ads,Pants,6262,113,110561,7,1260000
2025-03-18,21:00:01,TikTok Ads,Accessories,20996,565,458119,24,1080000
2025-02-12,09:43:27,TikTok Ads,Pants,19387,658,730936,16,2880000
2025-03-13,22:12:40,Google Ads,T-Shirt,6599,39,221922,1,95000
2025-03-09,03:52:14,Google Ads,Accessories,1412,27,71203,2,90000
2025-03-17,16:32:37,Instagram Ads,Pants,7893,224,625006,15,2700000
2025-01-25,06:42:50,Google Ads,T-Shirt,6280,142,657417,3,285000
2025-03-20,10:08:19,TikTok Ads,Accessories,16174,112,134081,6,270000
2025-02-15,17:42:22,TikTok Ads,Hoodie/Jacket,9858,95,74331,1,250000
2025-01-29,08:58:18,TikTok Ads,Pants,6481,186,198304,9,1620000
2025-02-18,10:34:56,Instagram Ads,T-Shirt,17839,474,900867,29,2755000
2025-03-27,13:58:27,Instagram Ads,Hoodie/Jacket,16620,558,1925482,38,9500000
2025-02-28,16:09:08,Instagram Ads,Accessories,8631,223,604860,14,630000
2025-02-28,14:50:17,Instagram Ads,T-Shirt,15997,254,398210,16,1520000
2025-01-01,19:42:40,Instagram Ads,T-Shirt,7524,257,579651,13,1235000
2025-02-18,05:58:29,Google Ads,Pants,3624,89,262973,6,1080000
2025-02-11,10:53:20,Google Ads,Accessories,2924,78,291357,2,90000
2025-03-13,13:45:58,Google Ads,Accessories,6978,181,1073311,9,405000
2025-03-27,18:34:39,Instagram Ads,T-Shirt,14905,146,244657,1,95000
2025-03-28,12:50:14,Instagram Ads,Accessories,7531,211,643403,4,180000
2025-01-08,06:37:10,Google Ads,Hoodie/Jacket,3850,67,172758,4,1000000
2025-03-15,12:14:26,Google Ads,Accessories,7581,243,977123,12,540000
2025-02-07,05:36:12,TikTok Ads,Hoodie/Jacket,20251,442,467448,8,2000000
2025-02-16,02:31:49,TikTok Ads,Pants,13467,522,621514,5,900000
2025-03-21,10:06:18,Instagram Ads,Accessories,13006,238,748321,15,675000
2025-02-08,22:09:37,TikTok Ads,Hoodie/Jacket,9806,179,160098,8,2000000
2025-03-01,16:35:02,Instagram Ads,Hoodie/Jacket,13037,84,218438,4,1000000
2025-02-25,18:40:56,TikTok Ads,Accessories,13252,166,132358,8,360000
2025-01-25,14:50:20,TikTok Ads,T-Shirt,15860,99,101753,3,285000
2025-01-12,04:15:06,Google Ads,Hoodie/Jacket,5636,218,899104,10,2500000
2025-01-01,05:34:18,Google Ads,T-Shirt,3196,67,344557,4,380000
2025-01-05,03:03:58,TikTok Ads,Pants,11542,432,289629,6,1080000
2025-03-12,05:43:51,Google Ads,T-Shirt,6558,128,345526,5,475000
2025-03-04,21:12:07,TikTok Ads,T-Shirt,6341,200,234143,10,950000
2025-02-17,17:19:42,TikTok Ads,Hoodie/Jacket,21446,440,310053,5,1250000
2025-02-05,16:29:53,TikTok Ads,T-Shirt,18127,651,353961,26,2470000
2025-02-22,13:28:43,Google Ads,Hoodie/Jacket,3073,33,101537,2,500000
2025-02-04,22:32:22,Google Ads,Hoodie/Jacket,1223,22,130867,1,250000
2025-03-24,17:05:50,Google Ads,Hoodie/Jacket,2736,43,139390,0,0
2025-02-26,15:24:37,TikTok Ads,T-Shirt,20061,605,382051,42,3990000
2025-02-20,23:46:36,Google Ads,Accessories,6791,174,771711,2,90000
2025-01-09,14:25:47,Instagram Ads,Accessories,3951,48,158213,1,45000
2025-01-29,18:15:12,Google Ads,Accessories,2687,66,365303,1,45000
2025-01-26,07:04:55,Google Ads,Hoodie/Jacket,3064,55,159799,0,0
2025-03-06,23:11:21,TikTok Ads,T-Shirt,20048,389,290224,23,2185000
2025-01-18,13:47:05,TikTok Ads,Accessories,23410,419,383685,17,765000
2025-01-05,18:08:48,Google Ads,T-Shirt,1358,14,61696,0,0
2025-03-21,09:58:03,Google Ads,Pants,1154,18,63603,1,180000
2025-01-05,01:46:00,Google Ads,Accessories,7202,130,646518,4,180000
2025-03-19,07:47:36,TikTok Ads,Hoodie/Jacket,14802,257,235151,3,750000
2025-02-15,13:05:22,Instagram Ads,Pants,4481,104,342665,6,1080000
2025-02-25,15:26:01,Instagram Ads,Hoodie/Jacket,9036,76,242342,3,750000
2025-01-19,20:50:32,Instagram Ads,Hoodie/Jacket,16528,569,1957262,39,9750000
2025-01-03,23:38:09,TikTok Ads,T-Shirt,7179,259,278739,12,1140000
2025-02-25,21:14:57,Google Ads,Pants,5538,128,440520,3,540000
2025-02-19,19:18:36,Google Ads,T-Shirt,7212,104,436086,4,380000
2025-01-23,18:22:30,Instagram Ads,Accessories,16200,623,1383122,28,1260000
2025-01-23,11:32:54,Google Ads,T-Shirt,3427,114,336271,7,665000
2025-03-12,16:21:44,TikTok Ads,T-Shirt,14283,342,395142,25,2375000
2025-03-24,21:36:18,TikTok Ads,Hoodie/Jacket,11155,172,86162,9,2250000
2025-03-26,23:33:03,Google Ads,T-Shirt,3931,74,439706,4,380000
2025-03-22,05:08:03,TikTok Ads,T-Shirt,20795,636,741258,33,3135000
2025-01-21,19:37:28,Google Ads,Hoodie/Jacket,7078,243,780643,5,1250000
2025-02-06,08:36:22,Google Ads,Accessories,1187,34,153667,0,0
2025-01-09,13:09:57,Instagram Ads,Hoodie/Jacket,17895,321,489402,3,750000
2025-02-08,05:32:49,Instagram Ads,Accessories,12610,243,406775,8,360000
2025-01-07,01:52:53,Google Ads,T-Shirt,7340,89,244962,3,285000
2025-02-14,14:51:58,Instagram Ads,Hoodie/Jacket,16076,189,464631,4,1000000
2025-01-04,20:55:32,Google Ads,Accessories,6710,42,186928,2,90000
2025-01-03,06:03:54,Google Ads,Accessories,4336,64,321985,3,135000
2025-02-05,16:48:03,Google Ads,Hoodie/Jacket,7099,185,708134,6,1500000
2025-01-03,15:47:13,Google Ads,Pants,5285,59,202302,3,540000
2025-01-27,07:00:14,Google Ads,Hoodie/Jacket,1781,37,123424,2,500000
2025-01-18,06:56:26,TikTok Ads,Pants,19828,655,774938,50,9000000
2025-01-17,19:14:10,Google Ads,T-Shirt,3335,81,343738,4,380000
2025-02-09,04:47:24,Google Ads,Accessories,3224,121,462292,6,270000
2025-03-21,12:38:02,TikTok Ads,T-Shirt,23117,510,385432,35,3325000
2025-02-19,12:48:02,Google Ads,Accessories,7565,153,671552,7,315000
